1,../data/aligned/Scarlett Johansson Black Widow/67.scarlett-johansson-black-widow-pay.png
1,../data/aligned/Scarlett Johansson Black Widow/1.black-widow-scarlett-johansson-1562998709.png
1,../data/aligned/Scarlett Johansson Black Widow/53.black-widow-2-1556220648.png
1,../data/aligned/Scarlett Johansson Black Widow/8.civilwar56e1afcee0d9e1.png
1,../data/aligned/Scarlett Johansson Black Widow/73.Black-Widow-2-Scarlett-Johansson-1192435.png
1,../data/aligned/Scarlett Johansson Black Widow/37.Scarlett-Johansson-Black-Widow-Taskmaster.png
1,../data/aligned/Scarlett Johansson Black Widow/29.mv5bmjiymtaynjc5of5bml5banbnxkftztcwnzu4otiwmw._v1_sy1000_cr0015001000_al_.png
1,../data/aligned/Scarlett Johansson Black Widow/85.https%3A%2F%2Fhypebeast.com%2Fwp-content%2Fblogs.dir%2F6%2Ffiles%2F2019%2F07%2Fblack-widow-marvel-movie-scarlett-johansson-taskmaster-stranger-things-david-harbour-1.png
1,../data/aligned/Scarlett Johansson Black Widow/71.cc34ecb078c29957ad70d987b6b38121.0.png
1,../data/aligned/Scarlett Johansson Black Widow/69.Black-Widow-2020-jacket-800x800.png
1,../data/aligned/Scarlett Johansson Black Widow/33.Scarlett-Johansson-Black-Widow-Workout.png
1,../data/aligned/Scarlett Johansson Black Widow/93.scarlett_agent_romanov_deviant_by_unam_et_solum-d6j0foy-1024x683.png
1,../data/aligned/Scarlett Johansson Black Widow/76.HnyqIJLUYPRUwcL-800x450-noPad.png
1,../data/aligned/Scarlett Johansson Black Widow/72.Black_Widow.0.png
1,../data/aligned/Scarlett Johansson Black Widow/30.826232-scarlett-johansson.png
1,../data/aligned/Scarlett Johansson Black Widow/9.jowidowstandalone.png
1,../data/aligned/Scarlett Johansson Black Widow/50.intro-1556560355.png
1,../data/aligned/Scarlett Johansson Black Widow/70.GettyImages-647727816.png
1,../data/aligned/Scarlett Johansson Black Widow/12.scarlett-johansson-black-widow-15-million.png
1,../data/aligned/Scarlett Johansson Black Widow/6.scarlett-johansson-black-widow-1561650986.png
1,../data/aligned/Scarlett Johansson Black Widow/66.scarlett-black-widow.png
1,../data/aligned/Scarlett Johansson Black Widow/10.sp-20701_r.png
1,../data/aligned/Scarlett Johansson Black Widow/65.avengers-endgame-black-widow.png
1,../data/aligned/Scarlett Johansson Black Widow/80.Avengers-Infinity-War-Black-Widow-1-1200x520.png
1,../data/aligned/Scarlett Johansson Black Widow/20.099d821d22a7a57e54b568dda4c17740.png
1,../data/aligned/Scarlett Johansson Black Widow/26.e0c723b6-6721-11e9-a2c3-042d2f2c8874_image_hires_155900.png
1,../data/aligned/Scarlett Johansson Black Widow/42.71ApCsphagL._SY500_.png
1,../data/aligned/Scarlett Johansson Black Widow/61.scarlett-johansson-black-widow-marvel-avengers-assemble-actor-scarlett-johansson.png
1,../data/aligned/Scarlett Johansson Black Widow/36.black-widow-poster-2.png
1,../data/aligned/Scarlett Johansson Black Widow/47.Endgame-Natasha-Black-Widow.v1.png
1,../data/aligned/Scarlett Johansson Black Widow/48.Scarlett-770x470.png
1,../data/aligned/Scarlett Johansson Black Widow/16.black-widow.png
1,../data/aligned/Scarlett Johansson Black Widow/84.scarlett-johanssons-black-widow-returns-for-avengers-endgame-prequel-metro-co-uk.png
1,../data/aligned/Scarlett Johansson Black Widow/81.Scarlett-Johansson-pay-Black-Widow-Star-make-15-million-for-movie.png
1,../data/aligned/Scarlett Johansson Black Widow/43.avengers-infinity-war-scarlett-johansson-natasha-romanoff-black-widow-wallpaper.png
1,../data/aligned/Scarlett Johansson Black Widow/22.black-widow-2-1556220648.png
1,../data/aligned/Scarlett Johansson Black Widow/51.Black-Widow-Scarlett-Johansson-Avengers-Infinity-War-1.png
1,../data/aligned/Scarlett Johansson Black Widow/49.black-widow-the-avengers-1556864424.png
1,../data/aligned/Scarlett Johansson Black Widow/86.220px-Scarlett_Johansson_as_Black_Widow.png
1,../data/aligned/Scarlett Johansson Black Widow/17.PRI_71314259-e1563719570697.png
1,../data/aligned/Scarlett Johansson Black Widow/5.Black_Widow_Scarlett_Johansson_Jeremy_Renner.png
1,../data/aligned/Scarlett Johansson Black Widow/40.Scarlett-Johansson-Black-Widow-Avengers.png
1,../data/aligned/Scarlett Johansson Black Widow/2.black-widow-movie_0.png
1,../data/aligned/Scarlett Johansson Black Widow/3.scarlettjohansson-blackwidow-avengers2-1572302234.png
1,../data/aligned/Scarlett Johansson Black Widow/52.black-widow-scarlett-johansson-movie_0.png
1,../data/aligned/Scarlett Johansson Black Widow/56.imgbin-scarlett-johansson-black-widow-the-avengers-loki-scarlett-johansson-4S7EJiV976eCTPD8eL6CPhegZ.png
1,../data/aligned/Scarlett Johansson Black Widow/4.black-widow.0.png
1,../data/aligned/Scarlett Johansson Black Widow/94.kisspng-scarlett-johansson-black-widow-the-avengers-film-scarlett-johansson-5ac4b401390bb0.0722671315228405772337.png
1,../data/aligned/Scarlett Johansson Black Widow/19.maxresdefault.png
1,../data/aligned/Scarlett Johansson Black Widow/88.florence-pugh.png
1,../data/aligned/Scarlett Johansson Black Widow/21.2861.png
1,../data/aligned/Scarlett Johansson Black Widow/96.rupesh-talaskar-scarlet-02low.png
1,../data/aligned/Scarlett Johansson Black Widow/25.Black-Widow-Movie-Sequels-Standalone-Franchise.png
1,../data/aligned/Scarlett Johansson Black Widow/83.LDN-L-SUMMERMOVIES-0426-5.png
1,../data/aligned/Scarlett Johansson Black Widow/78.76-763046_blackwidow-sticker-scarlett-johansson-black-widow-marvel.png
1,../data/aligned/Scarlett Johansson Black Widow/15.gettyimages-1144527044-h_2019.png
1,../data/aligned/Scarlett Johansson Black Widow/62.image.png
1,../data/aligned/Scarlett Johansson Black Widow/27.imgbin-scarlett-johansson-black-widow-captain-america-iron-man-hollywood-black-widow-eDt23H7LQH43DdCiaWWZD6hbM.png
1,../data/aligned/Scarlett Johansson Black Widow/63.scarlett-johansson-black-widow-MCU.png
1,../data/aligned/Scarlett Johansson Black Widow/35.maxresdefault.png
1,../data/aligned/Scarlett Johansson Black Widow/54.black-widow-captain-america-civil-war-600x400.png
1,../data/aligned/Scarlett Johansson Black Widow/57.190722_gma_johansson8_hpMain_16x9_992.png
1,../data/aligned/Scarlett Johansson Black Widow/59.1462527504-black-widow.png
1,../data/aligned/Scarlett Johansson Black Widow/55.800px-autopx-scale-to-width-down.png
1,../data/aligned/Scarlett Johansson Black Widow/87.69093349.png
1,../data/aligned/Scarlett Johansson Black Widow/95.rs_1024x485-171129111621-1024-black-widow-makeover-avengers-infinity-war-112917.png
1,../data/aligned/Scarlett Johansson Black Widow/77.71435684.png
1,../data/aligned/Scarlett Johansson Black Widow/38.scarlettblackwidow-720740.png
1,../data/aligned/Scarlett Johansson Black Widow/60.1566654747-Black_Widow_Avengers.png
1,../data/aligned/Scarlett Johansson Black Widow/11.Black-Widow-Movie-New-Genre-Scarlett-Johansson.png
1,../data/aligned/Scarlett Johansson Black Widow/91.black-widow-avengers-endgame-1163597-1280x0.png
1,../data/aligned/Scarlett Johansson Black Widow/92.black-widow-prequel-starring-scarlett-johansson-filming.png
1,../data/aligned/Scarlett Johansson Black Widow/7.2012AvengersPT02PR310812.png
1,../data/aligned/Scarlett Johansson Black Widow/79.105070212_gettyimages-681290058.png
1,../data/aligned/Scarlett Johansson Black Widow/58.b27c85e0cd1c5562faf284da987fd5638cb88491.png
1,../data/aligned/Scarlett Johansson Black Widow/28.Scarlett-Johansson-Black-Widow.png
1,../data/aligned/Scarlett Johansson Black Widow/31.67fcce348795c7aab52931ef3f8c5ff5fc51fce4.png
1,../data/aligned/Scarlett Johansson Black Widow/90.1yw1nv0munv21.png
1,../data/aligned/Scarlett Johansson Black Widow/13.black-widow-1.png
1,../data/aligned/Scarlett Johansson Black Widow/41.Scarlett-Johansson-as-Black-Widow-1200x791.png
1,../data/aligned/Scarlett Johansson Black Widow/89.Avengers-Age-Of-Ultron-Scarlett-Johansson-Black-Widow-Jacket.png
1,../data/aligned/Scarlett Johansson Black Widow/32.C85M8X-920x585.png
1,../data/aligned/Scarlett Johansson Black Widow/45.1462527504-black-widow.png
1,../data/aligned/Scarlett Johansson Black Widow/44._ecc7c45a-f3f0-11e6-800c-c780129a337a.png
1,../data/aligned/Scarlett Johansson Black Widow/14.black-widow-avengers.png
1,../data/aligned/Scarlett Johansson Black Widow/39.c225870392e4ab96a044cce5731c9a82.png
1,../data/aligned/Scarlett Johansson Black Widow/64.170620_3538859_Why_Did_the_Black_Widow_Cat_Suit_Freak_Out_S.png
1,../data/aligned/Scarlett Johansson Black Widow/68.black_widow_20282_v1.png
2,../data/aligned/Tom Hiddleston Loki/2.maxresdefault.png
2,../data/aligned/Tom Hiddleston Loki/85.Avengers-deaths-Is-Loki-coming-back-in-Avengers-4-980583.png
2,../data/aligned/Tom Hiddleston Loki/83.92678-1532336916.png
2,../data/aligned/Tom Hiddleston Loki/65.maxresdefault-920x518.png
2,../data/aligned/Tom Hiddleston Loki/40.174129873.png
2,../data/aligned/Tom Hiddleston Loki/1.a97f58ded4a9ad19f517bc5afd5cdfb5a4ae9a55.png
2,../data/aligned/Tom Hiddleston Loki/7.Loki-Avengers-Disneyplus-800x400.png
2,../data/aligned/Tom Hiddleston Loki/72.tom-hiddleston-thor.png
2,../data/aligned/Tom Hiddleston Loki/64.15270130-7182909-image-m-62_1561543506158.png
2,../data/aligned/Tom Hiddleston Loki/12.693e5f0bdd2942ed5c9b1d7923fb939f603663ad875b1940cb773d9560b00b9d.png
2,../data/aligned/Tom Hiddleston Loki/6.b6b6265ece767da790209edbdfa9cd7d.png
2,../data/aligned/Tom Hiddleston Loki/58._66c30c72-bbd4-11e8-95ec-91800d079bb4.png
2,../data/aligned/Tom Hiddleston Loki/34.anglo_2000x1125_tomhiddleston_loki-e1465313873921-1600x720.png
2,../data/aligned/Tom Hiddleston Loki/4.LOKI-SERIES_RUMOR_DISNEY_MARVEL-STUDIOS_.png
2,../data/aligned/Tom Hiddleston Loki/54.loki-ragnarok-endgame-2-1556553329.png
2,../data/aligned/Tom Hiddleston Loki/71.erich-rivera-tom-hiddleston-loki-by-soul4rusty-db4jqa9.png
2,../data/aligned/Tom Hiddleston Loki/33.rs_634x1024-140723122733-rs_634x1024-130702163803-634.loki.ls.7213.png
2,../data/aligned/Tom Hiddleston Loki/35.Tom-Hiddleston-as-Loki-and-Charlie-Cox-as-Daredevil-in-the-MCU.png
2,../data/aligned/Tom Hiddleston Loki/14.54de3aa77fe59248a21e0311683cf464.png
2,../data/aligned/Tom Hiddleston Loki/27.loki-tom-hiddleston-thor-ragnarok-sakaar-1546428913.png
2,../data/aligned/Tom Hiddleston Loki/5.movies-the-avengers.png
2,../data/aligned/Tom Hiddleston Loki/43.1526553045-loki-escorted-by-shield-agents.png
2,../data/aligned/Tom Hiddleston Loki/41.thorragnarok-loki-closeup.png
2,../data/aligned/Tom Hiddleston Loki/76.loki-e1537319830682.png
2,../data/aligned/Tom Hiddleston Loki/44.maxresdefault.png
2,../data/aligned/Tom Hiddleston Loki/11.Thor-Ragnarok-Loki.png
2,../data/aligned/Tom Hiddleston Loki/10.anglo_2000x1125_loki1-e1537363326196-1600x719.png
2,../data/aligned/Tom Hiddleston Loki/81.loki-death.png
2,../data/aligned/Tom Hiddleston Loki/68.111394-1532336916.png
2,../data/aligned/Tom Hiddleston Loki/28.f2019gala_ta052.png
2,../data/aligned/Tom Hiddleston Loki/50.tom-hiddleston-thor-loki-1024x683.png
2,../data/aligned/Tom Hiddleston Loki/63.d29f667bdefc1151eaf6bb70b5dc2082_S.png
2,../data/aligned/Tom Hiddleston Loki/80.Young-Loki-Teen-Loki.png
2,../data/aligned/Tom Hiddleston Loki/46.28-tom-hiddleston.w330.h412.png
2,../data/aligned/Tom Hiddleston Loki/48.BZK4YIZHZJFTBOQXP6GM7ET6BE.png
2,../data/aligned/Tom Hiddleston Loki/9._104241474_mlu-10658_r_l.png
2,../data/aligned/Tom Hiddleston Loki/87.loki.png
2,../data/aligned/Tom Hiddleston Loki/26.screen_shot_2018-11-08_at_10.00.24_am.png
2,../data/aligned/Tom Hiddleston Loki/8.tomhidds-charliecox-9beb.png
2,../data/aligned/Tom Hiddleston Loki/39.411full.png
2,../data/aligned/Tom Hiddleston Loki/53.young-loki.png
2,../data/aligned/Tom Hiddleston Loki/67.loki-avengers-2-pic.png
2,../data/aligned/Tom Hiddleston Loki/20.vPDeT9aV7XjVA3wQEAT3cP-320-80.png
2,../data/aligned/Tom Hiddleston Loki/31.Tom-Hiddleston-Reveals-Loki-Series-Will-Address-If-Loki-Is-Really-Dead1-750x430.png
2,../data/aligned/Tom Hiddleston Loki/15.PRI_94086047.png
2,../data/aligned/Tom Hiddleston Loki/73.tom-hiddleston-loki-1024x683.png
2,../data/aligned/Tom Hiddleston Loki/23.LwlcfAvzdCCwLLg-800x450-noPad.png
2,../data/aligned/Tom Hiddleston Loki/84.MV5BNWYwODAyZjAtOTQ1My00MDY2LTg0NDQtZGFiMDRiYzY4ZmM2XkEyXkFqcGdeQXVyNjg2NjQwMDQ@._V1_.png
2,../data/aligned/Tom Hiddleston Loki/62.41yz-wWBCIL._SX355_.png
2,../data/aligned/Tom Hiddleston Loki/45.lokicover_e8r4.910.png
2,../data/aligned/Tom Hiddleston Loki/79.c74ce9d4-27f2-4bee-87cd-e10f4e058c52.png
2,../data/aligned/Tom Hiddleston Loki/89.11c9f32d14b28bc841d27c91e1d2c20a.png
2,../data/aligned/Tom Hiddleston Loki/13.disney-confirms-tom-hiddleston-in-loki-tv-series-1159835-1280x0.png
2,../data/aligned/Tom Hiddleston Loki/21.Exclusive-Tom-Hiddleston-Talks-Loki-In-Thor-The.png
2,../data/aligned/Tom Hiddleston Loki/61.superthumb.png
2,../data/aligned/Tom Hiddleston Loki/24.144183281-288-k111937.png
2,../data/aligned/Tom Hiddleston Loki/30.thorragnarok5902c1880ce09.png
2,../data/aligned/Tom Hiddleston Loki/69.loki-series_1.png
2,../data/aligned/Tom Hiddleston Loki/32.LOKI-981834.png
2,../data/aligned/Tom Hiddleston Loki/74.superthumb.png
2,../data/aligned/Tom Hiddleston Loki/37.tom-hiddleston.png
2,../data/aligned/Tom Hiddleston Loki/52.avengers-tom-hiddleston.png
2,../data/aligned/Tom Hiddleston Loki/70.tom-hiddleston-as-daredevil-and-charlie-cox-as-147588.png
2,../data/aligned/Tom Hiddleston Loki/78.20416118-7634417-image-a-47_1572514367309.png
2,../data/aligned/Tom Hiddleston Loki/17.loki-tom-hiddleston.png
2,../data/aligned/Tom Hiddleston Loki/47.Tom-Hiddleston-Loki-Series-1200x520.png
2,../data/aligned/Tom Hiddleston Loki/3.tom-hiddleston-loki-1200x761.png
2,../data/aligned/Tom Hiddleston Loki/55.loki.png
2,../data/aligned/Tom Hiddleston Loki/88.Screen-Shot-2019-04-16-at-11.42.48-AM-1.png
2,../data/aligned/Tom Hiddleston Loki/16.avengers-endgame-loki-MCU-future-1137227.png
2,../data/aligned/Tom Hiddleston Loki/75.loki-and-leia-tom-hiddleston-talks-star-wars.png
2,../data/aligned/Tom Hiddleston Loki/91.6bda4588347326adce742f6a414c45050f37f53c.png
2,../data/aligned/Tom Hiddleston Loki/49.tom-hiddleston-loki-death-avengers-infinity-war.png
2,../data/aligned/Tom Hiddleston Loki/29.il_570xN.1533469551_2ovi.png
2,../data/aligned/Tom Hiddleston Loki/82.80b54119fb.0.png
2,../data/aligned/Tom Hiddleston Loki/51.tom-hiddleston-joaquin-phoenix-joker.png
2,../data/aligned/Tom Hiddleston Loki/25.maxresdefault.png
3,../data/aligned/Jeremy Renner Hawkeye/76.avengers-4-set-photo-jeremy-renner-hawkeye-ronin-1061272-1280x0.png
3,../data/aligned/Jeremy Renner Hawkeye/43.hawkeye.png
3,../data/aligned/Jeremy Renner Hawkeye/77.Avengers02Gb290711.png
3,../data/aligned/Jeremy Renner Hawkeye/86.New-stills-of-Jeremy-Renner-as-Hawkeye-in-Avengers-Endgame-the-avengers-42796859-540-810.png
3,../data/aligned/Jeremy Renner Hawkeye/38.Jeremy-Renner-in-The-Avengers-2012-1200x520.png
3,../data/aligned/Jeremy Renner Hawkeye/29.avengers-endgame-hawkeye-jeremy-renner-1175416-1280x0.png
3,../data/aligned/Jeremy Renner Hawkeye/66.383a7b925de9fdbb37af9ea531cdca31ad868050.png
3,../data/aligned/Jeremy Renner Hawkeye/53.07b29c5698dd2e4ac9b72e8d39c08555.png
3,../data/aligned/Jeremy Renner Hawkeye/28.2019.10.14-10.23-boundingintocomics-5da4f550458a6.png
3,../data/aligned/Jeremy Renner Hawkeye/71.Jeremy-Renner-s-Hawkeye-hawkeye-35203851-200-200.png
3,../data/aligned/Jeremy Renner Hawkeye/48.avengers-4-hawkeye-jeremy-renner-992617.png
3,../data/aligned/Jeremy Renner Hawkeye/94.Avengers-Endgame-Hawkeye.png
3,../data/aligned/Jeremy Renner Hawkeye/10.jeremy-renner-hawkeye.png
3,../data/aligned/Jeremy Renner Hawkeye/63.jeremy-renner-hawkeye.png
3,../data/aligned/Jeremy Renner Hawkeye/22.zgm1ymqbscntl9rmogpy.png
3,../data/aligned/Jeremy Renner Hawkeye/9.Screen_Shot_2019_04_10_at_2.34.33_PM.0.png
3,../data/aligned/Jeremy Renner Hawkeye/82.81gOKtc2FIL._SL1500_.png
3,../data/aligned/Jeremy Renner Hawkeye/36.jeremy-renner-hawkeye.png
3,../data/aligned/Jeremy Renner Hawkeye/20.jeremy-renner.png
3,../data/aligned/Jeremy Renner Hawkeye/93.1200px-Jeremy_Renner_by_Gage_Skidmore.png
3,../data/aligned/Jeremy Renner Hawkeye/72.jeremy_renner.png
3,../data/aligned/Jeremy Renner Hawkeye/7.Jeremy-Renner-Hawkeye-2-620x338.png
3,../data/aligned/Jeremy Renner Hawkeye/18.G7FZX6IMQVDUTBDI3NX2GMVJBA.png
3,../data/aligned/Jeremy Renner Hawkeye/15.avengers-4-hawkeye-jeremy-renner.png
3,../data/aligned/Jeremy Renner Hawkeye/51.avengers-endgame-hawkeye-kate-bishop-daughter-1552570355.png
3,../data/aligned/Jeremy Renner Hawkeye/26.gettyimages-1138768834-1571172974369.png
3,../data/aligned/Jeremy Renner Hawkeye/49.jeremy-renner-avengers-1024x709.png
3,../data/aligned/Jeremy Renner Hawkeye/69.Ronin-Hawkeye-Jeremy-Renner-Avengers-Endgame-Marvel-Cinematic-Universe-Marvel-Comics-1554893.png
3,../data/aligned/Jeremy Renner Hawkeye/32.nDjqL8y.png
3,../data/aligned/Jeremy Renner Hawkeye/97.190424_gma_renner_hpMain_16x9_992.png
3,../data/aligned/Jeremy Renner Hawkeye/25.Renner-Hawkeye-912x456.png
3,../data/aligned/Jeremy Renner Hawkeye/39.c34ff008dc1679ca150a1ee7e205a8e394653e44fb992fe8836a1bc1a98d2a81.png
3,../data/aligned/Jeremy Renner Hawkeye/68.Jeremy-Renner-Hawkeye-in-Avengers-Endgame.png
3,../data/aligned/Jeremy Renner Hawkeye/80.Renner-640x480.png
3,../data/aligned/Jeremy Renner Hawkeye/75.05a73a4f35d942a6710654e0251a6370.png
3,../data/aligned/Jeremy Renner Hawkeye/24.hawkeye.0.png
3,../data/aligned/Jeremy Renner Hawkeye/65.320645.png
3,../data/aligned/Jeremy Renner Hawkeye/50.hawkeyehead.png
3,../data/aligned/Jeremy Renner Hawkeye/21.HC9CG0.png
3,../data/aligned/Jeremy Renner Hawkeye/23.hawkeye-avengers-age-of-ultron-jeremy-renner-1555341380.png
3,../data/aligned/Jeremy Renner Hawkeye/70.jeremy-renner.png
3,../data/aligned/Jeremy Renner Hawkeye/34.HAwkeye_Jeremy_Renner_Leather_Vest.png
3,../data/aligned/Jeremy Renner Hawkeye/42.Hawkeye.png
3,../data/aligned/Jeremy Renner Hawkeye/91.Screen_Shot_2018_12_07_at_9.43.05_AM.0.png
3,../data/aligned/Jeremy Renner Hawkeye/2.8c6b956929470355d6a16667d9a515fb23c110a9.png
3,../data/aligned/Jeremy Renner Hawkeye/5.113652.png
3,../data/aligned/Jeremy Renner Hawkeye/41.2017-01-04-jeremy-renner-scarlett-johansson-avengers-walt-disney-studios-motion-pictures-638x425.png
3,../data/aligned/Jeremy Renner Hawkeye/79.maxresdefault.png
3,../data/aligned/Jeremy Renner Hawkeye/11.hawkeye-720x720.png
3,../data/aligned/Jeremy Renner Hawkeye/59.maxresdefault.png
3,../data/aligned/Jeremy Renner Hawkeye/81.1509017761-jeremy-renner-hawkeye-avengers-age-of-ultron-sokovia-battle.png
3,../data/aligned/Jeremy Renner Hawkeye/74.slice_jeremy_renner_hawkeye_01.png
3,../data/aligned/Jeremy Renner Hawkeye/44.jeremy-renner-as-hawkeye-in-the-avengers-2012.png
3,../data/aligned/Jeremy Renner Hawkeye/88.jeremy-renner-hawkeye-avengers-600x338.png
3,../data/aligned/Jeremy Renner Hawkeye/54.dn7u3upi9otzqruunrxt.png
3,../data/aligned/Jeremy Renner Hawkeye/47.screen-shot-2019-04-17-at-14.48.28.png
3,../data/aligned/Jeremy Renner Hawkeye/40.maxresdefault.png
3,../data/aligned/Jeremy Renner Hawkeye/83.hawkeye_in_avengers_endgame.png
3,../data/aligned/Jeremy Renner Hawkeye/13.Jeremy-Renner-Hawkeye-Avengers.png
3,../data/aligned/Jeremy Renner Hawkeye/95.HawkGuy-5c33c00.png
3,../data/aligned/Jeremy Renner Hawkeye/12.hawkeye-jeremy-renner.png
3,../data/aligned/Jeremy Renner Hawkeye/78.df7529b12bad57c89f309bad11596630_md.png
3,../data/aligned/Jeremy Renner Hawkeye/8.hawkeye-series.png
3,../data/aligned/Jeremy Renner Hawkeye/14.32813a4f3b5a794bb6d7f3e0f4597ece.png
3,../data/aligned/Jeremy Renner Hawkeye/19.Avengers-Endgame-Bathroom-Marketing-Jeremy-Renner-Hawkeye.png
3,../data/aligned/Jeremy Renner Hawkeye/6.Hawkeye-Jeremy-Renner-Replaced-Marvel-Mcu-Petition.png
3,../data/aligned/Jeremy Renner Hawkeye/30.avengers-end-game-jeremy-renner-1552569198.png
3,../data/aligned/Jeremy Renner Hawkeye/4.hawkeye-jeremy-renner-1200x800.png
3,../data/aligned/Jeremy Renner Hawkeye/31.2019-04-07T015437Z_1890680189_RC1750746A80_RTRMADP_3_FILM-AVENGERS-ENDGAME.png
3,../data/aligned/Jeremy Renner Hawkeye/1.965d6f73ec6968145db0164ee00b35f7_large-1440x900.png
3,../data/aligned/Jeremy Renner Hawkeye/85.jeremy-renner-hawkeye-avengers-age-of-ultron-slice.png
3,../data/aligned/Jeremy Renner Hawkeye/60.Avengers-Endgame-Hawkeye-featured.png
3,../data/aligned/Jeremy Renner Hawkeye/52.NP_20190424_JSRENNER24_4792251.png
3,../data/aligned/Jeremy Renner Hawkeye/67.920x920.png
3,../data/aligned/Jeremy Renner Hawkeye/61.shutterstock_10216509ac.png
3,../data/aligned/Jeremy Renner Hawkeye/56.screen_shot_2019-03-27_at_10.23.51_am.png
3,../data/aligned/Jeremy Renner Hawkeye/89.2019.04.22-02.29-boundingintocomics-5cbdcfbf88fd6.png
3,../data/aligned/Jeremy Renner Hawkeye/3.Avengers-Hawkeye-Death-Jeremy-Renner.png
3,../data/aligned/Jeremy Renner Hawkeye/46.jeremy-renner-avengers-age-of-ultron.png
3,../data/aligned/Jeremy Renner Hawkeye/96.intro-1544456743.png
3,../data/aligned/Jeremy Renner Hawkeye/45.Avengers-4-Hawkeye-Returning-Jeremy-Renner-Social-Media.png
3,../data/aligned/Jeremy Renner Hawkeye/73.Jeremy-Renner-Hawkeye-The-Avengers.png
3,../data/aligned/Jeremy Renner Hawkeye/35.jeremy-renner-hawkeye-instagram-e1536710658582.png
3,../data/aligned/Jeremy Renner Hawkeye/16.maxresdefault.png
4,../data/aligned/Chris Hemsworth Thor/52.2019.05.02-02.15-boundingintocomics-5ccafb8b815a2.png
4,../data/aligned/Chris Hemsworth Thor/10.Chris-Hemsworth-Thor-Avengers-Jason-Momoa-Aquaman.png
4,../data/aligned/Chris Hemsworth Thor/82.screen-shot-2019-07-31-at-4.20.56-pm.png
4,../data/aligned/Chris Hemsworth Thor/2.thor_big.0.png
4,../data/aligned/Chris Hemsworth Thor/46._3e50f016-a53a-11e8-8a41-d1a200222336.png
4,../data/aligned/Chris Hemsworth Thor/66.thor-infinity-war-1024x683.png
4,../data/aligned/Chris Hemsworth Thor/77.chris12.png
4,../data/aligned/Chris Hemsworth Thor/69.chris.png
4,../data/aligned/Chris Hemsworth Thor/56.maxresdefault.png
4,../data/aligned/Chris Hemsworth Thor/33.NP_20190410_CHRIS10XAGF_4759316.png
4,../data/aligned/Chris Hemsworth Thor/50.Thor-Chris-Hemsworth-Marvel-Phase-4-Return.png
4,../data/aligned/Chris Hemsworth Thor/71.thor-4-chris-hemsworth.png
4,../data/aligned/Chris Hemsworth Thor/18.chris-hemsworth-thor.png
4,../data/aligned/Chris Hemsworth Thor/6.0308-thor-main2-810x610.png
4,../data/aligned/Chris Hemsworth Thor/53.avengers-endgame-1-1556026933.png
4,../data/aligned/Chris Hemsworth Thor/16.Chris_Hemsworth.png
4,../data/aligned/Chris Hemsworth Thor/80.rs_634x952-170316094114-ThorRagnarok58c9d18ec0d49.png
4,../data/aligned/Chris Hemsworth Thor/67.thor-ragnarok-images-chris-hemsworth-tom-hiddleston-1280.png
4,../data/aligned/Chris Hemsworth Thor/5.D5Up3sIW0AEMM3R.png
4,../data/aligned/Chris Hemsworth Thor/7.15e5c9ecf039b61eb0660c130ce5f8231d9e64c2.png
4,../data/aligned/Chris Hemsworth Thor/91.s-l300.png
4,../data/aligned/Chris Hemsworth Thor/29.Stylish-New-Avengers-Endgame-Poster-Brings-All-The-Heroes-Together-800x400.png
4,../data/aligned/Chris Hemsworth Thor/62.Screen_Shot_2017_06_05_at_5.56.35_PM.0.png
4,../data/aligned/Chris Hemsworth Thor/60.Culture_Monitor_Hemsworth-861011330.png
4,../data/aligned/Chris Hemsworth Thor/31.chris-hemsworth-avengers-4-thor-marvel.png
4,../data/aligned/Chris Hemsworth Thor/20.chris-hemsworth-almost-not-thor-liam.png
4,../data/aligned/Chris Hemsworth Thor/13.avengers-endgame-fat-thor-chris-hemsworth-1138716.png
4,../data/aligned/Chris Hemsworth Thor/48.5ced64c7594ea50f96357666.png
4,../data/aligned/Chris Hemsworth Thor/1.Chris_Hemsworth_by_Gage_Skidmore_2_%28cropped%29.png
4,../data/aligned/Chris Hemsworth Thor/74.11351266-3x2-700x467.png
4,../data/aligned/Chris Hemsworth Thor/70.rexfeatures_10302647bz.png
4,../data/aligned/Chris Hemsworth Thor/58.5616.png
4,../data/aligned/Chris Hemsworth Thor/88.avengers-endgame.png
4,../data/aligned/Chris Hemsworth Thor/89.hemsworththor.png
4,../data/aligned/Chris Hemsworth Thor/4.chris-hemsworth-thor-4-love-and-thunder-workout-1192205-1280x0.png
4,../data/aligned/Chris Hemsworth Thor/55.GettyImages-861536580-920x584.png
4,../data/aligned/Chris Hemsworth Thor/41.2B316CAA00000578-3190043-image-a-16_1438999982574.png
4,../data/aligned/Chris Hemsworth Thor/25.chris-hemsworth-thor-ragnarok-image.png
4,../data/aligned/Chris Hemsworth Thor/11.694940094001_5744010115001_5743995431001-vs.png
4,../data/aligned/Chris Hemsworth Thor/85.817439-chrishemsworth-thor.png
4,../data/aligned/Chris Hemsworth Thor/32.1280_chris_hemsworth.png
4,../data/aligned/Chris Hemsworth Thor/61.thor-3-funny-comedy-pic.png
4,../data/aligned/Chris Hemsworth Thor/39.chris-hemsworth-thor.png
4,../data/aligned/Chris Hemsworth Thor/17.chris-hemsworth-variety-cover-1000px.png
4,../data/aligned/Chris Hemsworth Thor/64.REX_chris_hemsworth_thor_kab_140107_16x9_992.png
4,../data/aligned/Chris Hemsworth Thor/40.Chris-Hemsworth-Thor-GIFs.png
4,../data/aligned/Chris Hemsworth Thor/49.chris_hemsworth_thor_the_dark_world.png
4,../data/aligned/Chris Hemsworth Thor/35.why-chris-hemsworth-doesnt-like-thor-the-dark-world_nsaj.png
4,../data/aligned/Chris Hemsworth Thor/12.nintchdbpict000376813166-e1522324969377.png
4,../data/aligned/Chris Hemsworth Thor/43.0772c1738e38473e288df53c8a1dcf45.png
4,../data/aligned/Chris Hemsworth Thor/79.2017_10_25_34644_1508914269._large.png
4,../data/aligned/Chris Hemsworth Thor/44.hemsworth-teaser-810x610.png
4,../data/aligned/Chris Hemsworth Thor/83.hemsworth-plant.png
4,../data/aligned/Chris Hemsworth Thor/45.chris-hemsworth-tells-us-weight-lifting-wasnt-enough-for-thor-physique-1501072470.png
4,../data/aligned/Chris Hemsworth Thor/54.Liam-Hemsworth-recalls-losing-Thor-role-to-brother-Chris-Hemsworth.png
4,../data/aligned/Chris Hemsworth Thor/37.chris_hemsworth_assures_marvel_fans_thor_is_alright_1560505184_725x725.png
4,../data/aligned/Chris Hemsworth Thor/38.70f15dcafdf8153905c567821cd64f26.png
4,../data/aligned/Chris Hemsworth Thor/23.0ccdda64f1bee6a3f3fec838e413e3f4.png
4,../data/aligned/Chris Hemsworth Thor/3.chris-hemsworth.png
4,../data/aligned/Chris Hemsworth Thor/81.c07064411759e202b1149a0ad0b60d7aa5d7a4bd.png
4,../data/aligned/Chris Hemsworth Thor/42.Thor-with-Chris-Hemsworth-Different-Haircuts-e1555620650246.png
4,../data/aligned/Chris Hemsworth Thor/84.chris-hemsworth-ripped-thor.png
4,../data/aligned/Chris Hemsworth Thor/21.chris-hemsworth-poses-during-a-photo-call-for-thor-ragnarok-on-october-15-2017-in-sydney-australia-photo-by-mark-metcalfe_getty-images-for-disney.png
4,../data/aligned/Chris Hemsworth Thor/59.chris-hemsworth-la-vida-detras-de-thor-727340.png
4,../data/aligned/Chris Hemsworth Thor/24.Chris-Hemsworth.png
4,../data/aligned/Chris Hemsworth Thor/65.4945ec0e-4cba-41c4-9c52-007ebb43baf0_thor-hair.png
4,../data/aligned/Chris Hemsworth Thor/78.Thor-TDW-featured.png
4,../data/aligned/Chris Hemsworth Thor/57.chris.png
4,../data/aligned/Chris Hemsworth Thor/36.thor-mcu-chris-hemsworth.png
4,../data/aligned/Chris Hemsworth Thor/34.swa1300_comp_v007-1022.png
4,../data/aligned/Chris Hemsworth Thor/92.Chris+Hemsworth+Premiere+Disney+Marvel+Thor+68bs69q491nl.png
4,../data/aligned/Chris Hemsworth Thor/86.c_2.png
4,../data/aligned/Chris Hemsworth Thor/22.CRE-14261_R-e7e00de.png
4,../data/aligned/Chris Hemsworth Thor/73.Chris-Hemsworth-740x492.png
4,../data/aligned/Chris Hemsworth Thor/90.thor.png
4,../data/aligned/Chris Hemsworth Thor/51.Chris-Hemsworth-as-Thor-008.png
4,../data/aligned/Chris Hemsworth Thor/68.Thor-Gym.png
4,../data/aligned/Chris Hemsworth Thor/76.25-Chris-Hemsworth.w330.h412.png
4,../data/aligned/Chris Hemsworth Thor/14.chris-hemsworth-1024x705.png
4,../data/aligned/Chris Hemsworth Thor/72.thor-ragnarok-chris-hemsworth-865078.png
4,../data/aligned/Chris Hemsworth Thor/15.chris-hemsworth-once-upon-a-time.png
4,../data/aligned/Chris Hemsworth Thor/87.thor-avengers-endgame-759.png
4,../data/aligned/Chris Hemsworth Thor/19.hqdefault.png
5,../data/aligned/Mark Ruffalo Hulk/46.Infinity-War-Hulk-Death-Scene-Mark-Ruffalo.png
5,../data/aligned/Mark Ruffalo Hulk/12.Mark-Ruffalo-Hulk-movie-rights-MCU.png
5,../data/aligned/Mark Ruffalo Hulk/41.Mark-Ruffalo-Responds-Boris-Johnson-Hulk-Comments.png
5,../data/aligned/Mark Ruffalo Hulk/53.300.hulk.ls.41212.png
5,../data/aligned/Mark Ruffalo Hulk/72.hulk_1193461.png
5,../data/aligned/Mark Ruffalo Hulk/90.avengers-endgame-mark-ruffalo-hulk-boris-johnson-1178482.png
5,../data/aligned/Mark Ruffalo Hulk/33.ruffalo_hulkjpg.png
5,../data/aligned/Mark Ruffalo Hulk/96.03-ruffalo-ultron-hulk.w330.h330.png
5,../data/aligned/Mark Ruffalo Hulk/67.hulk-768x406.png
5,../data/aligned/Mark Ruffalo Hulk/62.PRC_85050009.png
5,../data/aligned/Mark Ruffalo Hulk/48.lou-ferrigno-hulk-mark-ruffalo-hulk-comicbookcom-1178456-1280x0.png
5,../data/aligned/Mark Ruffalo Hulk/91.EHZ4RWDSDDBPH4RVZSSCJQWOLM.png
5,../data/aligned/Mark Ruffalo Hulk/45.the-hulk.png
5,../data/aligned/Mark Ruffalo Hulk/92.93359-1532336916.png
5,../data/aligned/Mark Ruffalo Hulk/75.Thor-Ragnarok-Gladiator-Hulk-Ruffalo.png
5,../data/aligned/Mark Ruffalo Hulk/52.mark-ruffalo-denies-hulk-movie.png
5,../data/aligned/Mark Ruffalo Hulk/70.mark-ruffalo-talks-avengers-age-of-ultron-and-the-future-of-the-hulk-e1500203174104.png
5,../data/aligned/Mark Ruffalo Hulk/10.abf0460_comp_164508_left-1045_r.png
5,../data/aligned/Mark Ruffalo Hulk/19.maxresdefault.png
5,../data/aligned/Mark Ruffalo Hulk/66.infinitywar5a4bb0f7208d0_-_h_2018_0.png
5,../data/aligned/Mark Ruffalo Hulk/37.avengers-age-of-ultron-10.png
5,../data/aligned/Mark Ruffalo Hulk/17.c9077ccf87abc8c580b847de4194e9efbcf1df9e.png
5,../data/aligned/Mark Ruffalo Hulk/9.19fdcf46-db4b-4251-9214-85eb8c48350d-hulk-3.png
5,../data/aligned/Mark Ruffalo Hulk/71.DMa-rkSXUAAquh1.png
5,../data/aligned/Mark Ruffalo Hulk/77.new-hulk.png
5,../data/aligned/Mark Ruffalo Hulk/44.1508137841_mark-ruffalo-incredible-hulk.png
5,../data/aligned/Mark Ruffalo Hulk/18.HULK.png
5,../data/aligned/Mark Ruffalo Hulk/42.NMfGQgbvtYawgIFOb-mXgqFo4Hlpz2gqbG6zrM4Chu8.png
5,../data/aligned/Mark Ruffalo Hulk/69._1c81f1f0-b4fe-11e8-ab60-f008577e130d.png
5,../data/aligned/Mark Ruffalo Hulk/24.hulk-split-jpg_170643.png
5,../data/aligned/Mark Ruffalo Hulk/84.avengers-4-hulk-vs-banner-mark-ruffalo.png
5,../data/aligned/Mark Ruffalo Hulk/80.avengers-hulk--mark-ruffalo321_0.png
5,../data/aligned/Mark Ruffalo Hulk/8.avengers-4-hulk-mark-ruffalo-1015123.png
5,../data/aligned/Mark Ruffalo Hulk/40.avengers-endgame-smart-hulk.png
5,../data/aligned/Mark Ruffalo Hulk/26.maxresdefault.png
5,../data/aligned/Mark Ruffalo Hulk/65.hulk-920x584.png
5,../data/aligned/Mark Ruffalo Hulk/21.ruffalo-hulk-759_vqc32t-758x398.png
5,../data/aligned/Mark Ruffalo Hulk/56.Captain-America-Civil-War-Hulk-Mark-Ruffalo-600x317.png
5,../data/aligned/Mark Ruffalo Hulk/76.markruffalohulk-1000_8.png
5,../data/aligned/Mark Ruffalo Hulk/29.3ddea701eef252904012d50c27892bae.png
5,../data/aligned/Mark Ruffalo Hulk/3.infinity-war-hulk-mark-ruffalo.png
5,../data/aligned/Mark Ruffalo Hulk/73.Avengers-4.png
5,../data/aligned/Mark Ruffalo Hulk/1.mark-ruffalo-hulk-mcu.png
5,../data/aligned/Mark Ruffalo Hulk/2.avengers-age-of-ultron-5.png
5,../data/aligned/Mark Ruffalo Hulk/22.636039521669601624-hulk2.png
5,../data/aligned/Mark Ruffalo Hulk/87.Mark_Ruffalo_Hulk_01-300x180.png
5,../data/aligned/Mark Ruffalo Hulk/38.MW-HR365_hulk_b_ZH_20190916102821.png
5,../data/aligned/Mark Ruffalo Hulk/47.intro-1541779118.png
5,../data/aligned/Mark Ruffalo Hulk/23.Mark-Ruffalo-and-Edward-Norton-with-Incredible-Hulk-background.png
5,../data/aligned/Mark Ruffalo Hulk/74.image-asset.png
5,../data/aligned/Mark Ruffalo Hulk/14.maxresdefault.png
5,../data/aligned/Mark Ruffalo Hulk/57.MARK-RUFFALO-931025.png
5,../data/aligned/Mark Ruffalo Hulk/25.zzz11.png
5,../data/aligned/Mark Ruffalo Hulk/35.maxresdefault.png
5,../data/aligned/Mark Ruffalo Hulk/93.ruffalo-hulk-fb.png
5,../data/aligned/Mark Ruffalo Hulk/60.avengers-endgame-hulk-1557753610.png
5,../data/aligned/Mark Ruffalo Hulk/81.b48c6242d98ee34711f27755dfa8d832b90e9984.png
5,../data/aligned/Mark Ruffalo Hulk/6.Mark-Ruffalo-and-Edward-Norton-as-Hulk-in-the-MCU.png
5,../data/aligned/Mark Ruffalo Hulk/20.67fa17d64a3ab17b80a9ddb0964d0be7b33f9170.png
5,../data/aligned/Mark Ruffalo Hulk/30.thor-ragnarok-reshoots-mark-ruffalo-incredible-hulk-994791-1280x0.png
5,../data/aligned/Mark Ruffalo Hulk/63.avengers-4-mark-ruffalo.png
5,../data/aligned/Mark Ruffalo Hulk/28.db65485b299aa5e8f7a7aa8666327118-1200-80.png
5,../data/aligned/Mark Ruffalo Hulk/7.Mark-Ruffalo-Wraps-Infinity-War-Done-Hulk-Marvel.png
5,../data/aligned/Mark Ruffalo Hulk/83.Mark-Ruffalo-and-Edward-Norton-as-The-Incredible-Hulk.png
5,../data/aligned/Mark Ruffalo Hulk/4.Hulk-Lou-Ferrigno-Mark-Ruffalo.png
5,../data/aligned/Mark Ruffalo Hulk/82.pjimage-30-637x397.png
5,../data/aligned/Mark Ruffalo Hulk/43.rs_1024x759-180322124346-1024-hulk-2012-2018.png
5,../data/aligned/Mark Ruffalo Hulk/94.js_hulk-thor-comp.png
5,../data/aligned/Mark Ruffalo Hulk/11.mark-ruffalo-hulk.png
5,../data/aligned/Mark Ruffalo Hulk/31.32ff746214dbeb042f7686a5926354d9cdf2d6f6.png
5,../data/aligned/Mark Ruffalo Hulk/58.Hulk.png
5,../data/aligned/Mark Ruffalo Hulk/86.20-things-only-true-fans-know-about-mark-ruffalos-hulk-822x433.png
5,../data/aligned/Mark Ruffalo Hulk/36.hulk-and-bruce-banner-in-avengers-infinity-war.png
5,../data/aligned/Mark Ruffalo Hulk/32.sz5d2s3mz8i11.png
5,../data/aligned/Mark Ruffalo Hulk/27.Avengers-Endgame-Mark-Ruffalo-decodes-the-coming-together-of-Bruce-Banner-and-The-Hulk-in-the-MCU-film.png
5,../data/aligned/Mark Ruffalo Hulk/95.Avengers-Endgame-Mark-Ruffalo-April-Fools-Day-Joke.png
5,../data/aligned/Mark Ruffalo Hulk/5.avengers-4-hulk-mark-ruffalo.png
6,../data/aligned/Robert Downey Jr Iron Man/48.robert-downey-jr-tom-cruise-iron-man.png
6,../data/aligned/Robert Downey Jr Iron Man/1.avengersrdj-920x584.png
6,../data/aligned/Robert Downey Jr Iron Man/63.SEC_65744429.png
6,../data/aligned/Robert Downey Jr Iron Man/3.Iron-Man-Recast-Robert-Downey-Jr-Infinity-War.png
6,../data/aligned/Robert Downey Jr Iron Man/62.170335.png
6,../data/aligned/Robert Downey Jr Iron Man/35.TONY-STARK-1123701.png
6,../data/aligned/Robert Downey Jr Iron Man/57.gettyimages-1142776438_copy.png
6,../data/aligned/Robert Downey Jr Iron Man/80.12911998-6977419-Robert_Downey_Jr_-m-33_1556646501612.png
6,../data/aligned/Robert Downey Jr Iron Man/10.iro3.png
6,../data/aligned/Robert Downey Jr Iron Man/39.robert-downey-jr-avengers-endgame-iron-man-1561980791.png
6,../data/aligned/Robert Downey Jr Iron Man/56.https%3A%2F%2Fcdn.cnn.com%2Fcnnnext%2Fdam%2Fassets%2F190611165505-tony-stark-funeral-spoiler.png
6,../data/aligned/Robert Downey Jr Iron Man/67.omg-just-in-avengers-endgame-star-robert-downey-jr-aka-iron-man-to-return-to-mcu-deets-inside-001.png
6,../data/aligned/Robert Downey Jr Iron Man/85.Iron-Man-Robert-Downey-Jr-1200x497.png
6,../data/aligned/Robert Downey Jr Iron Man/16.avengers-infinity-war-iron-man.png
6,../data/aligned/Robert Downey Jr Iron Man/18.intro-1557230371.png
6,../data/aligned/Robert Downey Jr Iron Man/78.captain-america-spiderman-iron-man-161042-1280x0.png
6,../data/aligned/Robert Downey Jr Iron Man/77.PRI_77688248.png
6,../data/aligned/Robert Downey Jr Iron Man/13.rober3.png
6,../data/aligned/Robert Downey Jr Iron Man/14.694940094001_5494239256001_5494222332001-vs.png
6,../data/aligned/Robert Downey Jr Iron Man/21.iron-man.png
6,../data/aligned/Robert Downey Jr Iron Man/70.robert-downey-jr-iron-man.png
6,../data/aligned/Robert Downey Jr Iron Man/12.Robert-Downey-Jr-Iron-Man-Featured-912x456.png
6,../data/aligned/Robert Downey Jr Iron Man/34.robert-downey-jr-iron-man-tony-stark.png
6,../data/aligned/Robert Downey Jr Iron Man/38.Robert-Downey-Jr-Charity.png
6,../data/aligned/Robert Downey Jr Iron Man/9.reg_1024.ironman.jlc.081612.png
6,../data/aligned/Robert Downey Jr Iron Man/49.Iron-Man-1170x480.png
6,../data/aligned/Robert Downey Jr Iron Man/41.pjimage-2019-05-09T095828.496.png
6,../data/aligned/Robert Downey Jr Iron Man/27.542171-marvel_0.png
6,../data/aligned/Robert Downey Jr Iron Man/2.robert-downey-jr-civil-war-thumb-700x380-216211.png
6,../data/aligned/Robert Downey Jr Iron Man/24.40857ec6961d002726dc8644e3fac4ac.png
6,../data/aligned/Robert Downey Jr Iron Man/61.Robert-Downey-Jr.-.png
6,../data/aligned/Robert Downey Jr Iron Man/79.maxresdefault.png
6,../data/aligned/Robert Downey Jr Iron Man/5.robert-downey-jr-iron-man.png
6,../data/aligned/Robert Downey Jr Iron Man/86.iron-man-robert-downey-jr-bares-heart-1549541800.png
6,../data/aligned/Robert Downey Jr Iron Man/43.41LOp2lL0jL._AC_SY700_.png
6,../data/aligned/Robert Downey Jr Iron Man/69.iron-man-robert-downey-jr-mcu.png
6,../data/aligned/Robert Downey Jr Iron Man/64.robert-downey-jr-with-iron-man-2-toys-at-toy-fair-2010-1.png
6,../data/aligned/Robert Downey Jr Iron Man/15.f0d3f9063896bd44631cb386ebdfd914.png
6,../data/aligned/Robert Downey Jr Iron Man/59.2371909160866697407_4776618.png
6,../data/aligned/Robert Downey Jr Iron Man/33.Robert-Downey-Jr-Iron-Man-Marvel-Moving-On.png
6,../data/aligned/Robert Downey Jr Iron Man/58.scarlett-johansson-robert-downey-jr-black-widow-iron-man_1568697455828.png
6,../data/aligned/Robert Downey Jr Iron Man/47.269bab79-7133-4b5d-a51a-363bd484b05e-g_avengers_infinitywar_04_d0ec9c3c.png
6,../data/aligned/Robert Downey Jr Iron Man/11.avengers-endgame-iron-man.png
6,../data/aligned/Robert Downey Jr Iron Man/52.Dv6FS0LXgAYynfJ-a7a724f7779ab25748f46c50f47dc610.png
6,../data/aligned/Robert Downey Jr Iron Man/60._56db43e2-3722-11e8-8aa5-05fdb8d0ae52.png
6,../data/aligned/Robert Downey Jr Iron Man/71.Robert-Downey-Jr-Bleeding-Edge-Iron-Man-Armor-1200x520.png
6,../data/aligned/Robert Downey Jr Iron Man/83.Iron-Man-Endgame-1.png
6,../data/aligned/Robert Downey Jr Iron Man/26.IronMan-EndgameProfile-1.png
6,../data/aligned/Robert Downey Jr Iron Man/22.avengers-endgame-iron-man-robert-downey-jr-1173787.png
6,../data/aligned/Robert Downey Jr Iron Man/66.rjdironman3crop.png
6,../data/aligned/Robert Downey Jr Iron Man/7.iron-man2-01af.png
6,../data/aligned/Robert Downey Jr Iron Man/91.robert-downey-jr-reportedly-in-talks-to-reprise-his-role-as-iron-man-for-disney.png
6,../data/aligned/Robert Downey Jr Iron Man/51.Robert-Downey-Jr-workout-iron-man-routine1.png
6,../data/aligned/Robert Downey Jr Iron Man/23.ZZ5D70379A.png
6,../data/aligned/Robert Downey Jr Iron Man/17.maxresdefault.png
6,../data/aligned/Robert Downey Jr Iron Man/72.3ecd5108-8773-11e9-a9bc-e8ed9093c066_image_hires_193032.png
6,../data/aligned/Robert Downey Jr Iron Man/89.iron_man_3_4.png
6,../data/aligned/Robert Downey Jr Iron Man/84.b0428653be79a1b4075ef11a63e5c5803a9fc119.png
6,../data/aligned/Robert Downey Jr Iron Man/65.20carr-600.png
6,../data/aligned/Robert Downey Jr Iron Man/4.robert-downey-jr-visits-sick-fan-1097019-1280x0.png
6,../data/aligned/Robert Downey Jr Iron Man/55.robert-downey-jr-iron-man.png
6,../data/aligned/Robert Downey Jr Iron Man/19.Iron-Man-4-Robert-Downey-Jr-Confirmed.png
6,../data/aligned/Robert Downey Jr Iron Man/88.robert-downey-jr-interpreto-anos.png
6,../data/aligned/Robert Downey Jr Iron Man/53.robert-downey-jr-play-iron-man-111216.png
6,../data/aligned/Robert Downey Jr Iron Man/50.Robert-Downey-Jr-in-Iron-Man-2-Armor.png
6,../data/aligned/Robert Downey Jr Iron Man/90.1*J5kfu4CwhMlktkaCUinmYA.png
6,../data/aligned/Robert Downey Jr Iron Man/28._e927c9e2-10e2-11e9-b03e-d829a175bb22.png
6,../data/aligned/Robert Downey Jr Iron Man/8.0719e15133b0fb4184ae9d1e7c9d44c7f42eeec4.png
6,../data/aligned/Robert Downey Jr Iron Man/6.Robert_Downey_Jr.png
6,../data/aligned/Robert Downey Jr Iron Man/42.b9b891cc-06bf-4efb-bd5a-05e602d867c9.png
6,../data/aligned/Robert Downey Jr Iron Man/82.Robert-Downey-Jr-920x584.png
6,../data/aligned/Robert Downey Jr Iron Man/46.robert_downey_jr_might_return_as_iron_man_in_black_widow_movie_too_1568528760_725x725.png
6,../data/aligned/Robert Downey Jr Iron Man/75.71149160.png
6,../data/aligned/Robert Downey Jr Iron Man/40.220px-Robert_Downey_Jr._as_Iron_Man_in_Avengers_Infinity_War.png
6,../data/aligned/Robert Downey Jr Iron Man/45.kpjqwu-30ironmanlg.png
6,../data/aligned/Robert Downey Jr Iron Man/29.Avengers-iron-man-captain-america.0.0.png
6,../data/aligned/Robert Downey Jr Iron Man/68.QU1Yfmr.png
6,../data/aligned/Robert Downey Jr Iron Man/36.robert-downey-jr-getty.png
7,../data/aligned/Samuel L Jackson Nick Fury/9.fury-pepper.png
7,../data/aligned/Samuel L Jackson Nick Fury/27.16c3c9bcbfe1f7b2843e06bc9822508b.png
7,../data/aligned/Samuel L Jackson Nick Fury/12.nick-fury.png
7,../data/aligned/Samuel L Jackson Nick Fury/79.samuel-l-jackson-captain-marvel-brie-larson-nick-fury-64.png
7,../data/aligned/Samuel L Jackson Nick Fury/86.samuel-l-jackson-top-5-characters-roles.png
7,../data/aligned/Samuel L Jackson Nick Fury/11.samuel-l-jackson-nick-fury.png
7,../data/aligned/Samuel L Jackson Nick Fury/2.Marvel-Movies-Mcu-Samuel-L-Jackson-Legal-Obligations.png
7,../data/aligned/Samuel L Jackson Nick Fury/92.e4dbf2a84e76112024ce8d1f78cb089b.png
7,../data/aligned/Samuel L Jackson Nick Fury/75.spider-man-far-from-home-nick-fury-samuel-l-jackson-2.png
7,../data/aligned/Samuel L Jackson Nick Fury/39.samuel-l-jackson-reminds-us-that-nick-fury-was-always-a-badass-in-new-captain-marvel-promo-and-a-moment-tv-spot-social.png
7,../data/aligned/Samuel L Jackson Nick Fury/16.Nick-Fury-Captain-Marvel-e1552078004671.png
7,../data/aligned/Samuel L Jackson Nick Fury/35.maxresdefault.png
7,../data/aligned/Samuel L Jackson Nick Fury/26.samjacksonav520.png
7,../data/aligned/Samuel L Jackson Nick Fury/48.bc80f7c326594e368660fa473b4c529b22eb65cc.png
7,../data/aligned/Samuel L Jackson Nick Fury/61.Nick-Fury-Samuel-L-Jackson-jacket'-800x800.png
7,../data/aligned/Samuel L Jackson Nick Fury/59.rs_560x415-130905120936-1024.nickfury.cm.9513.png
7,../data/aligned/Samuel L Jackson Nick Fury/52.67807238.png
7,../data/aligned/Samuel L Jackson Nick Fury/3.nick-fury-avengers-1153095-1280x0.png
7,../data/aligned/Samuel L Jackson Nick Fury/81.samuel-l-jackson-nick-fury-black-panther-236977-1280x0.png
7,../data/aligned/Samuel L Jackson Nick Fury/5.Nick-Fury-c828204.png
7,../data/aligned/Samuel L Jackson Nick Fury/66.Fury-Captain-Marvel-2.png
7,../data/aligned/Samuel L Jackson Nick Fury/29.c1bbb1e4289fcbc8-600x338.png
7,../data/aligned/Samuel L Jackson Nick Fury/85.GettyImages-500144794-e1516399760622.png
7,../data/aligned/Samuel L Jackson Nick Fury/67.Jackson.png
7,../data/aligned/Samuel L Jackson Nick Fury/46.NICK-FURY-769919.png
7,../data/aligned/Samuel L Jackson Nick Fury/71.samuel-l-jackson-nick-fury.png
7,../data/aligned/Samuel L Jackson Nick Fury/55.Samuel-L.-Jackson-as-Nick-Fury-and-Martin-Scorsese-Marvel-Cinematic-quote-response.png
7,../data/aligned/Samuel L Jackson Nick Fury/10.nick-fury-in-infinity-war-700x300.png
7,../data/aligned/Samuel L Jackson Nick Fury/77.SU-22-racelifting-gettyv2.png
7,../data/aligned/Samuel L Jackson Nick Fury/44.captain-marvel-samuel-l-jackson-slice-600x200.png
7,../data/aligned/Samuel L Jackson Nick Fury/34.tmp_yJUNDJ_ef4150f2611e5afc_MCDCAMA_EC051.png
7,../data/aligned/Samuel L Jackson Nick Fury/50.Avengers-Endgame-Samuel-L-Jackson-Exists-In-Mcu.png
7,../data/aligned/Samuel L Jackson Nick Fury/72.sec_9705426.png
7,../data/aligned/Samuel L Jackson Nick Fury/21.SAM-JACKSON_NICK-FURY_MCU_BLACK-PANTHER-2_.png
7,../data/aligned/Samuel L Jackson Nick Fury/57.Captain-Marvel-Movie-Nick-Fury-Role-Details-1200x632.png
7,../data/aligned/Samuel L Jackson Nick Fury/65.Samuel-L-Jackson-Nick-Fury.png
7,../data/aligned/Samuel L Jackson Nick Fury/1.TZsPz8iHNPtZg6gGwcf46W-320-80.png
7,../data/aligned/Samuel L Jackson Nick Fury/41.captain-marvel-nick-fury-poster.png
7,../data/aligned/Samuel L Jackson Nick Fury/23.captain-marvel-brie-larson-samuel-l-jackson.png
7,../data/aligned/Samuel L Jackson Nick Fury/80.51Nb-PFr0RL._SX466_.png
7,../data/aligned/Samuel L Jackson Nick Fury/24.samuel-l-jackson-1547661332.png
7,../data/aligned/Samuel L Jackson Nick Fury/87.https%3A%2F%2Fhypebeast.com%2Fimage%2F2018%2F08%2Fnick-fury-maria-hill-spider-man-far-from-home-appearance-005.png
7,../data/aligned/Samuel L Jackson Nick Fury/25.NickFuryCaptainMarvel.png
7,../data/aligned/Samuel L Jackson Nick Fury/6.samuel-l-jackson-marvel-lede-avengers-2012-captain-america-winter-soldier-iron-man-2.png
7,../data/aligned/Samuel L Jackson Nick Fury/31.fury.png
7,../data/aligned/Samuel L Jackson Nick Fury/36.Samuel-L-Jackson-Chris-Evans-and-Robert-Downey-Jr-in-The-Avengers-582184.png
7,../data/aligned/Samuel L Jackson Nick Fury/37.spider-man-far-from-home-tom-holland-samuel-l-jackson-1561470477.png
7,../data/aligned/Samuel L Jackson Nick Fury/90.nick_fury_samuel_l_jackson.png
7,../data/aligned/Samuel L Jackson Nick Fury/82.Captain-Marvel-Samuel-L-Jackson-Jacket-910x1155.png
7,../data/aligned/Samuel L Jackson Nick Fury/70.DBR1920_cmp_v902.1003_R2.png
7,../data/aligned/Samuel L Jackson Nick Fury/45.glassnickfury-grid.png
7,../data/aligned/Samuel L Jackson Nick Fury/32.jackson001.png
7,../data/aligned/Samuel L Jackson Nick Fury/15.Nick-Fury-Samuel-L-Jackson.png
7,../data/aligned/Samuel L Jackson Nick Fury/69.captain-marvel-nick-fury-samuel-l-jackson-825889.png
7,../data/aligned/Samuel L Jackson Nick Fury/76.rs_1024x759-180322124314-1024-iron-man-nick-fury_0.png
7,../data/aligned/Samuel L Jackson Nick Fury/28.samuel-l-jackson-as-nick-fury-in-the-mcujpg.png
7,../data/aligned/Samuel L Jackson Nick Fury/22.l2uegohjybfxdfdio7v7kzunde.png
7,../data/aligned/Samuel L Jackson Nick Fury/47.spider-man-_far_from_home-publicity_still_8-h_2019.png
7,../data/aligned/Samuel L Jackson Nick Fury/78.Samuel-Jackson-Captain-Marvel-MCU-Recap.png
7,../data/aligned/Samuel L Jackson Nick Fury/43.nick-fury-marvel.png
7,../data/aligned/Samuel L Jackson Nick Fury/88.36844524985_255dd6daf4_b.png
7,../data/aligned/Samuel L Jackson Nick Fury/54.samuel-jackson-nick-fury-mcu.png
7,../data/aligned/Samuel L Jackson Nick Fury/40.s-l300.png
7,../data/aligned/Samuel L Jackson Nick Fury/62.Nick-Fury-Sam-Jackson-Captain-Marvel.png
7,../data/aligned/Samuel L Jackson Nick Fury/18.unbreakable-nick-fury-samuel-l-jackson-1158044-1280x0.png
7,../data/aligned/Samuel L Jackson Nick Fury/89.Samuel-L-Jackson-as-Marvel-Nick-Fury-and-Mr.-Glass.png
7,../data/aligned/Samuel L Jackson Nick Fury/64.samuelljackson.png
7,../data/aligned/Samuel L Jackson Nick Fury/4.samuel-l-jackson-civil-war.png
7,../data/aligned/Samuel L Jackson Nick Fury/13.nick-fury.png
8,../data/aligned/Chris Evans Captain America/25.NINTCHDBPICT000439353777.png
8,../data/aligned/Chris Evans Captain America/55.skynews-avengers-marvel_4169434.png
8,../data/aligned/Chris Evans Captain America/44.38d430d23ea7e40dea2ed837622d5341.png
8,../data/aligned/Chris Evans Captain America/83.Chris-Evans-Captain-America-1024x912.png
8,../data/aligned/Chris Evans Captain America/50.7638e07f-f6c5-4f37-977c-b79e2b898a5e.png
8,../data/aligned/Chris Evans Captain America/86.chris-evans-captain-america.png
8,../data/aligned/Chris Evans Captain America/32.captain_americaproportioned_a_l.png
8,../data/aligned/Chris Evans Captain America/20.captain-america-chris-evans-mcu.png
8,../data/aligned/Chris Evans Captain America/22.captain-america-the-first-avenger_63decd90-e1518447902677.png
8,../data/aligned/Chris Evans Captain America/85.EVANS-4-popup.png
8,../data/aligned/Chris Evans Captain America/52.captain-america-avengers-endgame.png
8,../data/aligned/Chris Evans Captain America/80.Cap.png
8,../data/aligned/Chris Evans Captain America/40.infinity-war-blu-ray.png
8,../data/aligned/Chris Evans Captain America/47.ttr9000v0031004jpg.png
8,../data/aligned/Chris Evans Captain America/4.captain-america-avengers-4-600x717-600x454.png
8,../data/aligned/Chris Evans Captain America/29.avengers-end-game-chris-evans-captain-america-1-1552569157.png
8,../data/aligned/Chris Evans Captain America/49.avengers-infinity-war-7-e1543519878201-700x365.png
8,../data/aligned/Chris Evans Captain America/33.CA-920x613.png
8,../data/aligned/Chris Evans Captain America/78.chris-evans-captain-america-avengers-infinity-war-thanos-spider-man-chris-evans.png
8,../data/aligned/Chris Evans Captain America/53.5_Dec._2016_CJCS_USO_Holiday_Tour_-_Incirlik_Air_Base_161205-D-PB383-044_%2831430825446%29_%28cropped%29_%28cropped%29.png
8,../data/aligned/Chris Evans Captain America/1.Screen_Shot_2018_03_22_at_3.09.54_PM.0.png
8,../data/aligned/Chris Evans Captain America/84.avengers-endgame-19.png
8,../data/aligned/Chris Evans Captain America/13.captain-america-4th-of-july.png
8,../data/aligned/Chris Evans Captain America/15.tumblr_n0oxpj88rS1raoayro1_1280.png
8,../data/aligned/Chris Evans Captain America/63._02179c18-d789-11e8-9906-75af39aa85f1.png
8,../data/aligned/Chris Evans Captain America/43.Captain-America-Star-Chris-Evans-Discusses-Starting-a-Liberal-Political-Website-e1554152536330-620x435.png
8,../data/aligned/Chris Evans Captain America/67.maxresdefault.png
8,../data/aligned/Chris Evans Captain America/21.rs_600x600-190524092833-600-Chris-Evans-Captain-America-LT-052419.png
8,../data/aligned/Chris Evans Captain America/56.chrisevans.png
8,../data/aligned/Chris Evans Captain America/5.Chris-Evans-Captain-America-Twitter.png
8,../data/aligned/Chris Evans Captain America/38.captain-america-steve-rogers-700x525.png
8,../data/aligned/Chris Evans Captain America/57.MCU-Captain-America-star-Chris-Evans-1024x750.png
8,../data/aligned/Chris Evans Captain America/51.12059095_web1_chris-evans-4.png
8,../data/aligned/Chris Evans Captain America/3.image.png
8,../data/aligned/Chris Evans Captain America/48.XT23EGSEYAI6RPPRAHJRJJU4OM.png
8,../data/aligned/Chris Evans Captain America/28.chris-evans-might-be-done-with-captain-america.png
8,../data/aligned/Chris Evans Captain America/34.1127-captain-america.png
8,../data/aligned/Chris Evans Captain America/14.627ab2159611e7a42ace90e953c06517840430af.png
8,../data/aligned/Chris Evans Captain America/10.1430497999-the-avengers-climax-captain-america-the-avengers-34726299-1920-1080.png
8,../data/aligned/Chris Evans Captain America/23.the-princess-bride-chris-evans-captain-america-1188054-1280x0.png
8,../data/aligned/Chris Evans Captain America/68.CaptainAmericaChrisEvans.png
8,../data/aligned/Chris Evans Captain America/27.chris-evans-avengers-captain-america-jacket.png
8,../data/aligned/Chris Evans Captain America/35.captain-america-chris-evans-avengers-endgame.png
8,../data/aligned/Chris Evans Captain America/62.Chris%20Evans%20as%20Captain%20America.png
8,../data/aligned/Chris Evans Captain America/45.Chris-Evans-Captain-AMerica-Avengers-Endgame.png
8,../data/aligned/Chris Evans Captain America/59.avengers-endgame-captain-america.png
8,../data/aligned/Chris Evans Captain America/46.chris-evans-no-captain-america-kevin-feige-wrong.png
8,../data/aligned/Chris Evans Captain America/2.captainamerica.png
8,../data/aligned/Chris Evans Captain America/71.Chris-Evans-Captain-America-Workout-Routine-Profile-600x898.png
8,../data/aligned/Chris Evans Captain America/9.1280x720_60609P00-ASVHX.png
8,../data/aligned/Chris Evans Captain America/41.chris-evans-will-continue-as-captain-america-if-marvel-asks.png
8,../data/aligned/Chris Evans Captain America/81.cap.png
8,../data/aligned/Chris Evans Captain America/30.Chris-Evans-Captain-America-Avengers.png
8,../data/aligned/Chris Evans Captain America/16.Chris-Evans-is-Done-Playing-Captain-America.png
8,../data/aligned/Chris Evans Captain America/60.captain-america-civil-war-chris-evans.png
8,../data/aligned/Chris Evans Captain America/42.Chris-Evans-Captain-America.png
8,../data/aligned/Chris Evans Captain America/6.CaptainAmericaChrisEvans.png
8,../data/aligned/Chris Evans Captain America/7.chris-evans-1-800x400.png
8,../data/aligned/Chris Evans Captain America/61.f163be5bad9f8a0e90708916f6b1783b53a2213c.png
8,../data/aligned/Chris Evans Captain America/11.Chris-Evans-1.png
8,../data/aligned/Chris Evans Captain America/69.rs-239344-chris-evans.png
8,../data/aligned/Chris Evans Captain America/54.cap-am-578352.png
8,../data/aligned/Chris Evans Captain America/65.captain-american-civil-war.png
8,../data/aligned/Chris Evans Captain America/26.5578258-640_c235ed52-3c60-4fb2-a74e-8252347d0bed-xxx_chris_evans049_p.png
8,../data/aligned/Chris Evans Captain America/31.captain-america-figure_0.png
8,../data/aligned/Chris Evans Captain America/24.5bb6f5d9c1194.png
8,../data/aligned/Chris Evans Captain America/64.chris-evans-avengers-endgame-captain-america-jacket.png
8,../data/aligned/Chris Evans Captain America/73.87901.png
8,../data/aligned/Chris Evans Captain America/39.264b38e7-e0a0-4999-b011-46bfb73fc696-captain-america-970x545.png
8,../data/aligned/Chris Evans Captain America/74.sec_12994425.png
