1,../data/aligned/Tom Hiddleston Loki/46.28-tom-hiddleston.w330.h412.png
1,../data/aligned/Tom Hiddleston Loki/8.tomhidds-charliecox-9beb.png
1,../data/aligned/Tom Hiddleston Loki/71.erich-rivera-tom-hiddleston-loki-by-soul4rusty-db4jqa9.png
1,../data/aligned/Tom Hiddleston Loki/88.Screen-Shot-2019-04-16-at-11.42.48-AM-1.png
1,../data/aligned/Tom Hiddleston Loki/13.disney-confirms-tom-hiddleston-in-loki-tv-series-1159835-1280x0.png
1,../data/aligned/Tom Hiddleston Loki/41.thorragnarok-loki-closeup.png
1,../data/aligned/Tom Hiddleston Loki/20.vPDeT9aV7XjVA3wQEAT3cP-320-80.png
1,../data/aligned/Tom Hiddleston Loki/23.LwlcfAvzdCCwLLg-800x450-noPad.png
1,../data/aligned/Tom Hiddleston Loki/76.loki-e1537319830682.png
1,../data/aligned/Tom Hiddleston Loki/4.LOKI-SERIES_RUMOR_DISNEY_MARVEL-STUDIOS_.png
1,../data/aligned/Tom Hiddleston Loki/84.MV5BNWYwODAyZjAtOTQ1My00MDY2LTg0NDQtZGFiMDRiYzY4ZmM2XkEyXkFqcGdeQXVyNjg2NjQwMDQ@._V1_.png
1,../data/aligned/Tom Hiddleston Loki/91.6bda4588347326adce742f6a414c45050f37f53c.png
1,../data/aligned/Tom Hiddleston Loki/64.15270130-7182909-image-m-62_1561543506158.png
1,../data/aligned/Tom Hiddleston Loki/6.b6b6265ece767da790209edbdfa9cd7d.png
1,../data/aligned/Tom Hiddleston Loki/34.anglo_2000x1125_tomhiddleston_loki-e1465313873921-1600x720.png
1,../data/aligned/Tom Hiddleston Loki/47.Tom-Hiddleston-Loki-Series-1200x520.png
1,../data/aligned/Tom Hiddleston Loki/39.411full.png
1,../data/aligned/Tom Hiddleston Loki/63.d29f667bdefc1151eaf6bb70b5dc2082_S.png
1,../data/aligned/Tom Hiddleston Loki/75.loki-and-leia-tom-hiddleston-talks-star-wars.png
1,../data/aligned/Tom Hiddleston Loki/51.tom-hiddleston-joaquin-phoenix-joker.png
1,../data/aligned/Tom Hiddleston Loki/12.693e5f0bdd2942ed5c9b1d7923fb939f603663ad875b1940cb773d9560b00b9d.png
1,../data/aligned/Tom Hiddleston Loki/49.tom-hiddleston-loki-death-avengers-infinity-war.png
1,../data/aligned/Tom Hiddleston Loki/50.tom-hiddleston-thor-loki-1024x683.png
1,../data/aligned/Tom Hiddleston Loki/65.maxresdefault-920x518.png
1,../data/aligned/Tom Hiddleston Loki/58._66c30c72-bbd4-11e8-95ec-91800d079bb4.png
1,../data/aligned/Tom Hiddleston Loki/79.c74ce9d4-27f2-4bee-87cd-e10f4e058c52.png
1,../data/aligned/Tom Hiddleston Loki/33.rs_634x1024-140723122733-rs_634x1024-130702163803-634.loki.ls.7213.png
1,../data/aligned/Tom Hiddleston Loki/17.loki-tom-hiddleston.png
1,../data/aligned/Tom Hiddleston Loki/54.loki-ragnarok-endgame-2-1556553329.png
1,../data/aligned/Tom Hiddleston Loki/32.LOKI-981834.png
1,../data/aligned/Tom Hiddleston Loki/83.92678-1532336916.png
1,../data/aligned/Tom Hiddleston Loki/28.f2019gala_ta052.png
1,../data/aligned/Tom Hiddleston Loki/74.superthumb.png
1,../data/aligned/Tom Hiddleston Loki/25.maxresdefault.png
1,../data/aligned/Tom Hiddleston Loki/68.111394-1532336916.png
1,../data/aligned/Tom Hiddleston Loki/87.loki.png
1,../data/aligned/Tom Hiddleston Loki/89.11c9f32d14b28bc841d27c91e1d2c20a.png
1,../data/aligned/Tom Hiddleston Loki/29.il_570xN.1533469551_2ovi.png
1,../data/aligned/Tom Hiddleston Loki/7.Loki-Avengers-Disneyplus-800x400.png
1,../data/aligned/Tom Hiddleston Loki/81.loki-death.png
1,../data/aligned/Tom Hiddleston Loki/61.superthumb.png
1,../data/aligned/Tom Hiddleston Loki/27.loki-tom-hiddleston-thor-ragnarok-sakaar-1546428913.png
1,../data/aligned/Tom Hiddleston Loki/72.tom-hiddleston-thor.png
1,../data/aligned/Tom Hiddleston Loki/26.screen_shot_2018-11-08_at_10.00.24_am.png
1,../data/aligned/Tom Hiddleston Loki/9._104241474_mlu-10658_r_l.png
1,../data/aligned/Tom Hiddleston Loki/14.54de3aa77fe59248a21e0311683cf464.png
1,../data/aligned/Tom Hiddleston Loki/85.Avengers-deaths-Is-Loki-coming-back-in-Avengers-4-980583.png
1,../data/aligned/Tom Hiddleston Loki/24.144183281-288-k111937.png
1,../data/aligned/Tom Hiddleston Loki/52.avengers-tom-hiddleston.png
1,../data/aligned/Tom Hiddleston Loki/15.PRI_94086047.png
1,../data/aligned/Tom Hiddleston Loki/44.maxresdefault.png
1,../data/aligned/Tom Hiddleston Loki/78.20416118-7634417-image-a-47_1572514367309.png
1,../data/aligned/Tom Hiddleston Loki/82.80b54119fb.0.png
1,../data/aligned/Tom Hiddleston Loki/53.young-loki.png
1,../data/aligned/Tom Hiddleston Loki/30.thorragnarok5902c1880ce09.png
1,../data/aligned/Tom Hiddleston Loki/3.tom-hiddleston-loki-1200x761.png
1,../data/aligned/Tom Hiddleston Loki/70.tom-hiddleston-as-daredevil-and-charlie-cox-as-147588.png
1,../data/aligned/Tom Hiddleston Loki/40.174129873.png
1,../data/aligned/Tom Hiddleston Loki/80.Young-Loki-Teen-Loki.png
1,../data/aligned/Tom Hiddleston Loki/55.loki.png
1,../data/aligned/Tom Hiddleston Loki/62.41yz-wWBCIL._SX355_.png
1,../data/aligned/Tom Hiddleston Loki/69.loki-series_1.png
1,../data/aligned/Tom Hiddleston Loki/35.Tom-Hiddleston-as-Loki-and-Charlie-Cox-as-Daredevil-in-the-MCU.png
1,../data/aligned/Tom Hiddleston Loki/21.Exclusive-Tom-Hiddleston-Talks-Loki-In-Thor-The.png
1,../data/aligned/Tom Hiddleston Loki/16.avengers-endgame-loki-MCU-future-1137227.png
1,../data/aligned/Tom Hiddleston Loki/31.Tom-Hiddleston-Reveals-Loki-Series-Will-Address-If-Loki-Is-Really-Dead1-750x430.png
1,../data/aligned/Tom Hiddleston Loki/11.Thor-Ragnarok-Loki.png
1,../data/aligned/Tom Hiddleston Loki/45.lokicover_e8r4.910.png
1,../data/aligned/Tom Hiddleston Loki/5.movies-the-avengers.png
1,../data/aligned/Tom Hiddleston Loki/73.tom-hiddleston-loki-1024x683.png
1,../data/aligned/Tom Hiddleston Loki/10.anglo_2000x1125_loki1-e1537363326196-1600x719.png
1,../data/aligned/Tom Hiddleston Loki/48.BZK4YIZHZJFTBOQXP6GM7ET6BE.png
1,../data/aligned/Tom Hiddleston Loki/67.loki-avengers-2-pic.png
1,../data/aligned/Tom Hiddleston Loki/2.maxresdefault.png
1,../data/aligned/Tom Hiddleston Loki/37.tom-hiddleston.png
1,../data/aligned/Tom Hiddleston Loki/43.1526553045-loki-escorted-by-shield-agents.png
1,../data/aligned/Tom Hiddleston Loki/1.a97f58ded4a9ad19f517bc5afd5cdfb5a4ae9a55.png
2,../data/aligned/Jeremy Renner Hawkeye/68.Jeremy-Renner-Hawkeye-in-Avengers-Endgame.png
2,../data/aligned/Jeremy Renner Hawkeye/73.Jeremy-Renner-Hawkeye-The-Avengers.png
2,../data/aligned/Jeremy Renner Hawkeye/3.Avengers-Hawkeye-Death-Jeremy-Renner.png
2,../data/aligned/Jeremy Renner Hawkeye/45.Avengers-4-Hawkeye-Returning-Jeremy-Renner-Social-Media.png
2,../data/aligned/Jeremy Renner Hawkeye/42.Hawkeye.png
2,../data/aligned/Jeremy Renner Hawkeye/1.965d6f73ec6968145db0164ee00b35f7_large-1440x900.png
2,../data/aligned/Jeremy Renner Hawkeye/86.New-stills-of-Jeremy-Renner-as-Hawkeye-in-Avengers-Endgame-the-avengers-42796859-540-810.png
2,../data/aligned/Jeremy Renner Hawkeye/77.Avengers02Gb290711.png
2,../data/aligned/Jeremy Renner Hawkeye/35.jeremy-renner-hawkeye-instagram-e1536710658582.png
2,../data/aligned/Jeremy Renner Hawkeye/67.920x920.png
2,../data/aligned/Jeremy Renner Hawkeye/5.113652.png
2,../data/aligned/Jeremy Renner Hawkeye/12.hawkeye-jeremy-renner.png
2,../data/aligned/Jeremy Renner Hawkeye/76.avengers-4-set-photo-jeremy-renner-hawkeye-ronin-1061272-1280x0.png
2,../data/aligned/Jeremy Renner Hawkeye/31.2019-04-07T015437Z_1890680189_RC1750746A80_RTRMADP_3_FILM-AVENGERS-ENDGAME.png
2,../data/aligned/Jeremy Renner Hawkeye/79.maxresdefault.png
2,../data/aligned/Jeremy Renner Hawkeye/4.hawkeye-jeremy-renner-1200x800.png
2,../data/aligned/Jeremy Renner Hawkeye/69.Ronin-Hawkeye-Jeremy-Renner-Avengers-Endgame-Marvel-Cinematic-Universe-Marvel-Comics-1554893.png
2,../data/aligned/Jeremy Renner Hawkeye/25.Renner-Hawkeye-912x456.png
2,../data/aligned/Jeremy Renner Hawkeye/50.hawkeyehead.png
2,../data/aligned/Jeremy Renner Hawkeye/72.jeremy_renner.png
2,../data/aligned/Jeremy Renner Hawkeye/30.avengers-end-game-jeremy-renner-1552569198.png
2,../data/aligned/Jeremy Renner Hawkeye/41.2017-01-04-jeremy-renner-scarlett-johansson-avengers-walt-disney-studios-motion-pictures-638x425.png
2,../data/aligned/Jeremy Renner Hawkeye/56.screen_shot_2019-03-27_at_10.23.51_am.png
2,../data/aligned/Jeremy Renner Hawkeye/44.jeremy-renner-as-hawkeye-in-the-avengers-2012.png
2,../data/aligned/Jeremy Renner Hawkeye/36.jeremy-renner-hawkeye.png
2,../data/aligned/Jeremy Renner Hawkeye/10.jeremy-renner-hawkeye.png
2,../data/aligned/Jeremy Renner Hawkeye/22.zgm1ymqbscntl9rmogpy.png
2,../data/aligned/Jeremy Renner Hawkeye/32.nDjqL8y.png
2,../data/aligned/Jeremy Renner Hawkeye/70.jeremy-renner.png
2,../data/aligned/Jeremy Renner Hawkeye/88.jeremy-renner-hawkeye-avengers-600x338.png
2,../data/aligned/Jeremy Renner Hawkeye/89.2019.04.22-02.29-boundingintocomics-5cbdcfbf88fd6.png
2,../data/aligned/Jeremy Renner Hawkeye/40.maxresdefault.png
2,../data/aligned/Jeremy Renner Hawkeye/29.avengers-endgame-hawkeye-jeremy-renner-1175416-1280x0.png
2,../data/aligned/Jeremy Renner Hawkeye/93.1200px-Jeremy_Renner_by_Gage_Skidmore.png
2,../data/aligned/Jeremy Renner Hawkeye/23.hawkeye-avengers-age-of-ultron-jeremy-renner-1555341380.png
2,../data/aligned/Jeremy Renner Hawkeye/7.Jeremy-Renner-Hawkeye-2-620x338.png
2,../data/aligned/Jeremy Renner Hawkeye/21.HC9CG0.png
2,../data/aligned/Jeremy Renner Hawkeye/18.G7FZX6IMQVDUTBDI3NX2GMVJBA.png
2,../data/aligned/Jeremy Renner Hawkeye/95.HawkGuy-5c33c00.png
2,../data/aligned/Jeremy Renner Hawkeye/71.Jeremy-Renner-s-Hawkeye-hawkeye-35203851-200-200.png
2,../data/aligned/Jeremy Renner Hawkeye/78.df7529b12bad57c89f309bad11596630_md.png
2,../data/aligned/Jeremy Renner Hawkeye/82.81gOKtc2FIL._SL1500_.png
2,../data/aligned/Jeremy Renner Hawkeye/13.Jeremy-Renner-Hawkeye-Avengers.png
2,../data/aligned/Jeremy Renner Hawkeye/28.2019.10.14-10.23-boundingintocomics-5da4f550458a6.png
2,../data/aligned/Jeremy Renner Hawkeye/94.Avengers-Endgame-Hawkeye.png
2,../data/aligned/Jeremy Renner Hawkeye/75.05a73a4f35d942a6710654e0251a6370.png
2,../data/aligned/Jeremy Renner Hawkeye/49.jeremy-renner-avengers-1024x709.png
2,../data/aligned/Jeremy Renner Hawkeye/66.383a7b925de9fdbb37af9ea531cdca31ad868050.png
2,../data/aligned/Jeremy Renner Hawkeye/80.Renner-640x480.png
2,../data/aligned/Jeremy Renner Hawkeye/6.Hawkeye-Jeremy-Renner-Replaced-Marvel-Mcu-Petition.png
2,../data/aligned/Jeremy Renner Hawkeye/38.Jeremy-Renner-in-The-Avengers-2012-1200x520.png
2,../data/aligned/Jeremy Renner Hawkeye/52.NP_20190424_JSRENNER24_4792251.png
2,../data/aligned/Jeremy Renner Hawkeye/65.320645.png
2,../data/aligned/Jeremy Renner Hawkeye/81.1509017761-jeremy-renner-hawkeye-avengers-age-of-ultron-sokovia-battle.png
2,../data/aligned/Jeremy Renner Hawkeye/61.shutterstock_10216509ac.png
2,../data/aligned/Jeremy Renner Hawkeye/54.dn7u3upi9otzqruunrxt.png
2,../data/aligned/Jeremy Renner Hawkeye/53.07b29c5698dd2e4ac9b72e8d39c08555.png
2,../data/aligned/Jeremy Renner Hawkeye/85.jeremy-renner-hawkeye-avengers-age-of-ultron-slice.png
2,../data/aligned/Jeremy Renner Hawkeye/19.Avengers-Endgame-Bathroom-Marketing-Jeremy-Renner-Hawkeye.png
2,../data/aligned/Jeremy Renner Hawkeye/14.32813a4f3b5a794bb6d7f3e0f4597ece.png
2,../data/aligned/Jeremy Renner Hawkeye/97.190424_gma_renner_hpMain_16x9_992.png
2,../data/aligned/Jeremy Renner Hawkeye/47.screen-shot-2019-04-17-at-14.48.28.png
2,../data/aligned/Jeremy Renner Hawkeye/59.maxresdefault.png
2,../data/aligned/Jeremy Renner Hawkeye/9.Screen_Shot_2019_04_10_at_2.34.33_PM.0.png
2,../data/aligned/Jeremy Renner Hawkeye/20.jeremy-renner.png
2,../data/aligned/Jeremy Renner Hawkeye/51.avengers-endgame-hawkeye-kate-bishop-daughter-1552570355.png
2,../data/aligned/Jeremy Renner Hawkeye/15.avengers-4-hawkeye-jeremy-renner.png
2,../data/aligned/Jeremy Renner Hawkeye/2.8c6b956929470355d6a16667d9a515fb23c110a9.png
2,../data/aligned/Jeremy Renner Hawkeye/83.hawkeye_in_avengers_endgame.png
2,../data/aligned/Jeremy Renner Hawkeye/16.maxresdefault.png
2,../data/aligned/Jeremy Renner Hawkeye/46.jeremy-renner-avengers-age-of-ultron.png
2,../data/aligned/Jeremy Renner Hawkeye/39.c34ff008dc1679ca150a1ee7e205a8e394653e44fb992fe8836a1bc1a98d2a81.png
2,../data/aligned/Jeremy Renner Hawkeye/26.gettyimages-1138768834-1571172974369.png
2,../data/aligned/Jeremy Renner Hawkeye/34.HAwkeye_Jeremy_Renner_Leather_Vest.png
2,../data/aligned/Jeremy Renner Hawkeye/24.hawkeye.0.png
2,../data/aligned/Jeremy Renner Hawkeye/8.hawkeye-series.png
2,../data/aligned/Jeremy Renner Hawkeye/48.avengers-4-hawkeye-jeremy-renner-992617.png
2,../data/aligned/Jeremy Renner Hawkeye/96.intro-1544456743.png
2,../data/aligned/Jeremy Renner Hawkeye/91.Screen_Shot_2018_12_07_at_9.43.05_AM.0.png
2,../data/aligned/Jeremy Renner Hawkeye/63.jeremy-renner-hawkeye.png
2,../data/aligned/Jeremy Renner Hawkeye/43.hawkeye.png
2,../data/aligned/Jeremy Renner Hawkeye/60.Avengers-Endgame-Hawkeye-featured.png
2,../data/aligned/Jeremy Renner Hawkeye/74.slice_jeremy_renner_hawkeye_01.png
2,../data/aligned/Jeremy Renner Hawkeye/11.hawkeye-720x720.png
